ID,y
1,77.66791
2,100.76012
3,100.03347
4,80.81673
5,107.32251
8,95.192566
10,90.75035
11,103.27159
12,114.2267
14,94.76911
15,115.93688
16,103.39194
17,109.505745
19,95.19204
20,105.47127
21,108.87056
22,115.25109
23,109.505745
26,97.362785
28,102.62976
29,109.505745
33,109.505745
35,102.37561
41,108.49046
42,100.05542
43,112.440636
45,96.40022
46,103.82313
51,95.45401
53,96.5996
55,106.76464
56,111.53248
57,105.23118
58,95.038414
59,107.576775
63,94.14609
64,94.91511
65,100.13162
69,96.2704
71,95.08761
72,102.01823
73,99.63355
76,103.4795
77,107.1528
78,113.39858
82,98.88395
83,100.13162
84,95.3988
85,92.53535
87,107.95663
88,108.49046
89,100.346634
91,99.95348
93,91.82104
94,105.171135
95,98.76877
96,107.33619
97,100.095406
98,107.11496
99,102.83995
101,101.54233
103,100.346634
104,96.84866
105,98.36323
110,94.54791
111,104.13856
113,109.3468
114,95.567986
115,110.48606
117,100.346634
120,93.62668
121,105.23118
122,104.88804
123,106.05778
126,94.254845
132,101.29852
135,103.53515
137,92.98223
138,95.22998
140,109.82701
142,106.753944
144,109.67044
148,97.98523
149,109.5922
155,108.13426
156,108.07246
157,100.095406
162,107.1572
163,98.21379
167,96.80945
172,112.440636
179,104.863
180,102.53518
181,94.337006
182,101.15203
183,100.346634
185,100.346634
187,94.47985
188,98.88395
189,95.45401
191,100.22978
192,103.34282
193,101.73814
194,93.67512
195,93.75627
196,97.63897
198,98.5967
199,109.29103
201,100.13162
204,93.986595
205,104.81583
206,101.3145
210,95.532486
211,101.54233
216,110.43755
219,114.2267
220,94.96038
221,97.97641
226,94.337006
227,101.55425
228,107.95663
230,107.73226
231,100.095406
235,115.25109
236,98.40808
238,108.07246
242,111.484886
243,99.95348
244,80.22933
245,106.09389
247,107.22751
248,97.362785
249,97.36068
250,106.31909
251,98.40808
253,115.25109
254,106.43779
256,95.33709
257,95.64527
258,107.656334
259,102.83995
262,93.38902
266,99.997856
267,106.890755
272,94.04669
273,100.346634
275,104.88804
276,110.50265
279,99.66061
280,100.13162
283,95.235794
285,107.95663
288,100.346634
289,110.46626
290,100.13162
291,101.93537
292,102.009705
293,100.711624
296,97.39923
297,107.33143
298,113.39858
299,101.09079
304,95.93296
305,98.86884
306,100.10449
307,94.337006
311,102.824104
313,94.337006
314,97.76121
316,96.05013
324,105.04088
327,95.67325
329,95.93296
330,93.67512
337,98.18757
338,99.010445
339,96.305084
340,94.44413
343,93.76215
345,113.73394
346,96.4468
347,104.33302
349,110.30388
350,97.2505
352,105.55736
353,96.029724
354,90.266754
357,99.3227
358,106.85244
362,94.14609
364,91.80961
365,103.2148
366,102.49948
367,94.90268
368,94.73927
370,82.12068
373,92.959526
377,102.08496
378,98.39779
382,103.4795
384,110.49693
390,97.69487
392,110.72618
393,101.47911
395,93.304985
396,100.45783
399,81.5757
406,94.337006
408,94.337006
409,100.90875
410,80.81339
412,104.03273
413,93.76215
419,97.67514
420,108.50056
421,93.85889
430,107.58838
434,96.13231
436,94.4148
437,111.53248
438,93.76215
439,108.07246
440,103.978355
443,104.16507
446,95.906105
448,96.44138
452,98.03628
453,109.36164
457,100.13162
458,98.64623
459,110.160065
460,109.4237
462,105.67751
464,108.54419
465,114.2267
467,103.285446
471,100.41701
472,80.13304
473,103.30788
475,95.906105
480,92.14461
488,98.38475
490,94.337006
491,99.338295
492,92.77492
493,95.79068
497,97.35513
498,110.72618
499,99.122246
500,103.03936
501,98.64623
502,104.388275
506,100.3569
510,96.50923
511,100.10449
512,95.93296
516,100.05542
518,103.20578
519,104.13856
521,95.513626
522,106.69503
526,105.23118
529,102.02311
532,105.34411
533,99.169914
536,109.011284
537,98.307655
539,99.63355
540,101.54233
541,102.6406
543,95.45401
546,103.748314
547,96.9409
548,82.12068
551,99.95348
552,110.911224
556,112.221794
557,96.466545
558,94.90268
559,101.12486
560,104.333984
562,104.81583
566,92.87989
570,110.72618
571,111.53248
572,100.13162
573,101.09079
575,114.2267
576,102.009705
577,94.12096
579,93.76215
580,103.748314
581,97.65855
589,94.337006
591,102.63319
593,99.25037
594,102.68608
595,96.36698
598,99.95348
602,110.16102
604,107.656334
606,108.310356
608,98.21187
609,101.54233
610,95.45401
616,103.748314
617,93.76215
618,102.69827
620,102.96694
622,100.884125
623,99.122246
624,110.35853
626,108.03468
628,105.44758
629,99.80504
630,108.25583
637,109.71692
638,99.56201
643,102.72737
645,92.14461
646,105.98019
648,96.49542
652,92.87989
653,111.53248
654,110.72618
656,114.74526
657,108.13162
659,106.66008
660,110.00639
663,91.56356
664,110.24719
666,108.96378
668,107.48656
669,95.80157
671,93.76215
675,100.05542
677,98.40808
678,107.66217
679,96.4826
682,92.364975
685,111.98425
687,96.403656
688,96.3294
693,99.53587
696,95.67325
698,100.05542
701,111.42754
704,104.77992
705,113.0857
709,103.92718
710,97.882
711,112.91186
712,90.05947
714,106.28381
715,92.77295
716,94.337006
717,96.47363
720,114.2267
721,99.80285
724,101.22442
725,96.423386
726,95.97508
728,98.03127
731,92.96479
734,111.993225
738,94.65267
745,95.86659
746,97.126366
751,81.40399
754,97.47006
756,93.529945
758,103.167114
759,97.21711
761,117.48277
766,106.26131
767,103.285446
768,99.122246
769,108.96652
770,98.70764
771,93.22181
772,107.480896
773,101.08427
774,107.24699
776,110.49693
777,102.97271
780,114.927376
782,99.23705
787,105.370155
788,100.79443
792,99.122246
793,104.835175
798,105.05992
800,99.122246
806,94.337006
809,107.57304
811,105.96875
812,97.16051
814,114.2267
816,103.63929
817,100.00588
818,93.22205
820,96.48861
823,97.16222
829,93.76215
830,100.21792
831,97.47204
834,107.17741
839,95.192726
841,93.55582
844,99.23705
845,96.493645
848,97.126366
850,103.301575
851,109.51034
852,108.02183
854,97.84907
855,96.49492
856,101.54123
859,110.81449
861,107.24699
864,98.01058
865,107.24699
866,95.235794
867,95.91177
869,91.58998
871,99.18753
872,94.337006
882,105.370155
883,96.457954
885,100.57506
888,95.67325
893,94.337006
901,107.12533
903,97.03302
904,98.361694
905,110.81449
910,93.28611
911,108.26245
914,110.12671
918,107.91792
921,93.76215
928,102.785095
929,110.911224
932,105.42477
933,106.30584
934,93.28611
935,105.2236
937,83.58494
939,101.09079
940,105.81591
941,95.79068
942,108.33946
943,100.05542
944,110.55237
947,94.337006
949,102.78074
951,102.166374
952,98.940834
953,97.03302
954,83.06575
957,111.83134
959,93.85889
960,111.83134
963,114.2267
965,94.337006
967,111.98425
971,99.88949
972,81.069626
973,93.76215
974,110.49693
975,106.95575
978,102.920135
980,105.07828
981,100.05542
984,110.12671
986,93.28611
988,99.122246
989,107.874176
990,103.44837
992,107.12533
996,111.53248
999,109.98984
1000,106.02905
1001,107.24699
1002,99.122246
1003,110.49693
1004,98.82786
1008,106.58411
1009,101.079704
1010,106.68182
1012,107.874176
1013,92.85787
1014,112.12809
1015,98.054
1016,114.2267
1019,100.90883
1020,112.1049
1021,93.28611
1022,109.94167
1024,93.28611
1025,90.24281
1027,91.58998
1028,106.28381
1029,108.29849
1030,102.82595
1033,110.49693
1036,96.690125
1037,97.67471
1038,96.30217
1042,101.09079
1043,103.54256
1044,98.01058
1045,108.54419
1047,109.28855
1050,96.493645
1051,94.337006
1054,97.16222
1056,100.05542
1057,98.6609
1059,94.91511
1062,101.29871
1063,104.33302
1064,100.05542
1066,98.87226
1070,108.882545
1076,109.088356
1077,103.874664
1078,109.30089
1080,94.337006
1082,106.08244
1083,95.67325
1089,102.806885
1091,95.49781
1093,96.423386
1097,98.21379
1099,97.39276
1101,91.52665
1103,107.6987
1104,107.874176
1106,98.38475
1109,100.28067
1110,93.67512
1111,97.14207
1112,107.475174
1114,96.493645
1116,103.39787
1117,96.373245
1120,93.17611
1124,110.49693
1125,93.76215
1126,108.26245
1134,104.19521
1137,99.122246
1138,108.15239
1144,94.337006
1145,97.19735
1146,96.78431
1148,107.6987
1150,93.17611
1152,99.23705
1153,103.82563
1154,102.91215
1155,101.537674
1157,108.2487
1162,101.537674
1165,111.83134
1166,95.89405
1167,109.94167
1168,91.52665
1169,110.81449
1171,114.55718
1172,92.92937
1173,110.81449
1174,102.60966
1176,92.99841
1177,110.81449
1178,99.14726
1182,111.83134
1186,92.14461
1187,104.994934
1188,97.36068
1189,114.927376
1191,98.21259
1192,101.537674
1197,97.48932
1198,95.44358
1200,81.872314
1201,99.46599
1203,96.1777
1209,114.2267
1214,110.911224
1218,98.91148
1222,99.884766
1226,101.004135
1228,100.608536
1230,108.67486
1232,80.725784
1233,107.956184
1236,110.856834
1238,104.67577
1241,94.337006
1244,97.68612
1246,99.884766
1247,102.67242
1250,104.83563
1251,97.39276
1254,106.79605
1255,98.92019
1256,99.83312
1257,106.25954
1258,99.92656
1259,94.337006
1260,100.00588
1263,94.337006
1267,80.25095
1268,97.69036
1271,101.537674
1272,96.04247
1274,99.72776
1275,101.537674
1276,94.337006
1277,101.99604
1279,96.78431
1281,98.307655
1282,97.36068
1283,104.77992
1285,108.159096
1286,99.122246
1289,108.15239
1296,101.15311
1299,93.17611
1301,110.10859
1306,93.52813
1307,99.14726
1308,104.13781
1313,94.337006
1314,94.91511
1315,93.67512
1316,96.88104
1317,96.04247
1319,97.126366
1323,92.14461
1324,110.86607
1325,99.14726
1328,104.29913
1329,98.361694
1330,107.24699
1331,104.6457
1332,103.43849
1337,97.63814
1338,98.83381
1339,97.77233
1340,108.75833
1343,98.058525
1347,110.228
1348,98.38616
1349,110.45083
1352,96.78431
1354,94.088554
1359,110.80065
1360,92.48464
1363,94.74444
1364,97.39138
1365,104.63505
1366,102.69276
1372,99.6666
1375,98.34668
1376,96.950714
1378,98.18063
1379,110.5329
1380,92.48464
1381,112.72721
1384,111.96276
1387,95.13403
1388,106.17958
1392,97.3903
1394,99.13326
1395,102.9647
1396,94.74444
1398,97.49267
1399,94.74444
1400,94.78711
1401,97.14207
1403,96.46001
1404,105.25315
1406,94.74444
1407,96.493645
1408,96.54664
1410,80.12971
1412,96.54664
1413,95.89399
1415,96.048416
1420,96.54664
1422,103.87975
1423,107.327545
1424,96.54664
1425,100.75165
1426,80.12971
1427,97.12499
1429,99.705795
1430,107.4412
1431,96.51114
1432,111.58939
1434,112.29843
1437,99.53478
1438,104.10151
1440,106.17958
1441,106.1744
1442,100.87455
1444,106.04652
1445,96.048416
1446,100.84582
1448,101.5729
1453,94.65267
1454,96.54664
1455,96.719444
1456,100.679184
1458,96.54664
1459,96.3578
1461,94.531395
1465,95.13403
1466,108.47733
1469,92.48464
1472,94.65267
1474,103.655014
1477,97.757805
1479,98.5048
1482,98.3078
1483,79.26451
1487,93.94774
1488,107.4412
1490,110.87907
1492,107.13484
1494,113.50349
1496,108.24387
1497,105.076805
1499,95.56313
1502,97.37037
1507,87.44801
1508,96.78431
1509,98.5048
1511,97.126366
1512,97.39779
1513,115.53916
1514,102.78555
1518,110.87907
1519,94.24917
1522,105.8786
1524,81.872314
1527,100.87455
1529,105.27743
1532,108.29585
1536,113.28133
1537,116.94667
1539,93.26778
1542,95.13403
1543,96.950714
1544,104.93534
1545,96.32205
1550,96.950714
1551,97.12984
1554,108.15373
1556,100.84582
1559,108.47802
1560,80.94838
1562,95.647835
1566,94.24917
1567,110.897385
1569,110.437416
1570,107.475174
1571,105.57831
1574,96.78431
1578,100.84582
1580,94.032295
1583,97.969765
1584,96.78431
1585,97.38144
1586,92.62715
1587,116.31153
1588,94.24917
1590,114.207245
1592,102.304214
1596,106.94275
1598,102.56489
1599,96.493645
1604,108.555565
1606,104.004776
1607,95.89399
1608,100.38637
1609,115.936935
1611,95.73994
1613,100.00588
1616,98.36612
1619,108.47733
1620,98.5048
1621,113.791336
1622,99.715096
1625,110.22443
1627,115.936935
1629,94.74444
1634,96.2583
1636,101.21537
1638,107.29599
1639,100.87455
1641,97.12499
1643,101.879654
1644,104.61034
1645,113.50349
1646,97.49261
1647,108.15373
1648,100.88759
1652,94.032295
1653,110.91354
1656,98.96908
1658,96.493645
1659,95.48544
1661,97.49261
1663,95.89399
1664,94.65025
1665,96.719444
1666,100.84582
1667,101.82037
1668,80.725784
1669,100.38637
1670,105.29566
1672,110.91354
1674,112.82444
1677,107.4412
1678,104.78056
1679,110.897385
1680,99.75708
1683,113.45605
1686,109.66879
1687,103.87975
1689,94.76915
1690,97.126366
1691,117.81164
1692,110.68556
1693,96.78431
1695,96.493645
1696,94.65267
1697,94.65025
1700,100.84582
1701,93.263374
1702,113.35972
1703,100.88759
1704,103.906715
1706,95.70308
1707,112.15331
1708,101.357895
1710,100.522705
1711,110.07257
1713,102.54098
1717,112.62286
1719,100.84582
1720,94.90048
1722,95.44358
1725,103.91059
1726,101.357895
1727,95.957794
1729,106.17958
1730,94.032295
1731,104.38309
1733,100.84582
1734,99.53478
1735,103.87975
1738,100.00588
1742,105.82261
1745,112.82444
1747,93.263374
1749,100.54926
1751,98.84871
1752,81.224075
1753,81.17749
1754,97.63859
1755,95.89399
1756,104.17497
1758,107.68204
1759,96.719444
1760,103.40544
1761,105.417816
1762,96.74354
1763,103.83329
1764,94.35681
1766,92.97808
1768,100.27
1769,89.00306
1771,105.42792
1772,102.584236
1773,110.822426
1774,111.79562
1775,107.4412
1777,112.620384
1779,96.719444
1780,103.40544
1787,100.0524
1788,98.04567
1790,100.0524
1796,108.08039
1801,97.24933
1803,103.31111
1807,113.43813
1809,106.46595
1812,97.44598
1813,109.829155
1814,106.1596
1815,110.5871
1816,104.30187
1818,94.379524
1820,100.0268
1821,110.856834
1822,97.01588
1825,99.358734
1826,109.343735
1828,100.522705
1831,106.66874
1836,129.37013
1837,95.89359
1841,101.14911
1844,105.17533
1848,106.06443
1851,93.26778
1852,96.15768
1853,100.0524
1854,104.04645
1856,93.752426
1859,101.13172
1860,100.59058
1861,82.06323
1863,109.3685
1865,99.11054
1866,91.93987
1867,97.8624
1868,100.0524
1872,99.11054
1879,102.680626
1880,93.31624
1882,95.40435
1885,109.3906
1887,97.91641
1888,96.84622
1890,101.96778
1894,100.00588
1895,82.36678
1896,96.531876
1897,106.86807
1900,111.01285
1901,107.085175
1902,109.520546
1905,96.291855
1906,107.29599
1912,98.13261
1915,102.7603
1916,110.45083
1917,98.751976
1918,109.102005
1920,81.224075
1923,101.55522
1924,112.50094
1925,100.0524
1930,114.381744
1932,94.74444
1933,97.21711
1934,98.03248
1935,106.25954
1940,80.12971
1941,98.09333
1942,105.42792
1943,111.5201
1944,97.41652
1945,97.8334
1948,114.05126
1949,96.43909
1952,111.32895
1954,96.78431
1955,94.84117
1958,95.84745
1959,92.75108
1960,103.83329
1963,97.01588
1965,96.43955
1968,99.72824
1969,96.78683
1971,96.37753
1972,107.838684
1973,94.24917
1975,97.49816
1977,104.08754
1978,103.30362
1979,103.94253
1981,97.49816
1982,109.94398
1987,107.8521
1988,94.24917
1993,107.61289
1997,97.99123
1999,100.522705
2001,100.00588
2002,108.31655
2003,98.059044
2004,98.03894
2006,103.94253
2007,97.18696
2009,103.40544
2010,95.44358
2013,96.35109
2018,95.43565
2022,102.93393
2024,118.471344
2025,96.048416
2026,104.11852
2030,103.40544
2031,97.10919
2032,98.13261
2033,100.0524
2035,104.67316
2036,107.347015
2037,100.0524
2040,100.00588
2043,102.67832
2044,108.16027
2046,104.94093
2054,108.96822
2055,102.93393
2056,103.40544
2059,96.6121
2060,107.085175
2062,105.13596
2063,106.21078
2066,100.00588
2067,103.87975
2072,95.32538
2073,103.4969
2074,103.97313
2075,98.4975
2076,98.952545
2080,96.048416
2082,107.085175
2085,96.13579
2087,95.46974
2091,108.03504
2092,104.19008
2093,103.40544
2098,96.88104
2101,103.83329
2102,94.379524
2103,80.12971
2105,91.93987
2106,96.719444
2107,96.2534
2110,99.95042
2114,100.87138
2115,105.42792
2117,93.55582
2118,106.77992
2119,110.45083
2120,100.522705
2122,94.29884
2123,106.73521
2126,95.11623
2127,88.08612
2128,101.14911
2129,95.45499
2132,106.38925
2135,100.92423
2138,104.557846
2139,114.381744
2141,109.20255
2142,100.74636
2146,101.30443
2151,114.1933
2157,102.11354
2159,98.78441
2162,95.05782
2164,114.41003
2167,95.501724
2168,106.68098
2171,104.17218
2173,93.83045
2174,101.796234
2175,98.84208
2178,95.61825
2180,98.77164
2185,106.00414
2189,93.47847
2190,105.55322
2192,102.304214
2194,108.14111
2200,121.71478
2201,97.67338
2203,106.17958
2204,97.67338
2205,108.73906
2209,109.92425
2213,107.48528
2214,99.21412
2215,107.640854
2216,97.67338
2218,101.47556
2219,109.34759
2220,91.63623
2222,101.81278
2223,93.7661
2225,92.91273
2226,98.015625
2230,98.68449
2233,104.98823
2234,108.73906
2235,97.67338
2236,78.96935
2237,97.59123
2240,108.14111
2241,96.705605
2248,102.630066
2249,96.49251
2250,102.90933
2252,107.55611
2253,107.176216
2254,106.35456
2256,78.81579
2258,110.30318
2259,102.589676
2262,101.11558
2265,95.61825
2266,101.6995
2269,96.13795
2271,94.6648
2273,98.79222
2274,108.09666
2275,97.67338
2277,99.21412
2279,97.67338
2280,79.26451
2282,98.77164
2283,105.40565
2288,94.32327
2289,101.10053
2291,98.99844
2292,115.02573
2297,91.63623
2298,111.18119
2299,103.048515
2300,108.48772
2301,96.36732
2304,103.89253
2305,91.73959
2306,101.11558
2308,98.952545
2309,102.90933
2311,101.82671
2312,86.5188
2316,103.91059
2321,107.61434
2322,101.95504
2325,110.40599
2326,99.04339
2329,115.02573
2330,99.21412
2331,111.08446
2332,105.55322
2333,101.11558
2334,103.91059
2335,102.723564
2337,108.72846
2338,106.056656
2340,105.55322
2342,100.422485
2345,94.694336
2349,100.909966
2351,78.63852
2352,99.46875
2354,92.888016
2355,92.17976
2357,92.91273
2358,100.50929
2360,99.7415
2361,92.888016
2364,99.50401
2366,96.36649
2369,103.27751
2370,100.76713
2371,105.55322
2373,105.083824
2374,94.80381
2376,113.8533
2378,108.15622
2382,95.85958
2383,99.46875
2386,107.85006
2387,98.13486
2389,101.31895
2390,100.101616
2392,97.17385
2398,105.55322
2399,98.92281
2400,99.03631
2401,102.36737
2402,100.44481
2404,120.69455
2407,102.814545
2408,97.37214
2409,95.86977
2412,96.85453
2413,90.364174
2415,97.68542
2420,103.81706
2422,95.304886
2423,104.004776
2426,100.07819
2432,104.67156
2434,92.34341
2435,104.173775
2436,101.62837
2438,108.16702
2440,103.34627
2443,99.346375
2444,95.70248
2447,102.630066
2450,96.22822
2454,103.36198
2455,104.449394
2459,101.11558
2460,111.227295
2463,94.531395
2465,95.3631
2468,84.296036
2469,97.67338
2474,96.36909
2478,100.7627
2480,95.70248
2481,108.14111
2489,98.77164
2490,103.40544
2492,104.567825
2496,101.11558
2497,96.837006
2500,99.46875
2505,100.581116
2507,106.22419
2508,108.73906
2509,102.40851
2510,101.7741
2513,98.92281
2515,98.77164
2518,99.46875
2519,110.328026
2520,99.46875
2521,117.83427
2523,99.94295
2525,102.89775
2529,107.79633
2530,97.67338
2533,102.825325
2535,101.61072
2538,92.404465
2544,100.101616
2553,107.663246
2556,99.31958
2558,98.92281
2559,110.41442
2560,99.21412
2561,106.35456
2562,96.48215
2563,110.437416
2564,94.36651
2565,104.98823
2567,103.66047
2572,103.1745
2575,98.99844
2576,110.90149
2577,96.36909
2578,95.05782
2579,103.87113
2580,94.465195
2582,102.67832
2583,96.43188
2587,97.68542
2589,105.70316
2590,109.0854
2591,107.79633
2594,105.3923
2597,100.28067
2598,102.416504
2599,95.59398
2600,100.33304
2602,101.46303
2603,103.1745
2604,99.22664
2606,103.502174
2607,80.35568
2608,99.03631
2613,108.73906
2614,98.82904
2615,103.64656
2617,107.581505
2620,94.63306
2623,108.96547
2624,99.56344
2627,108.73906
2629,80.35568
2630,102.13514
2632,91.56701
2636,98.82608
2639,104.32766
2640,106.91027
2642,107.79633
2644,102.416504
2646,102.37981
2647,98.82608
2649,100.12666
2650,102.304214
2652,102.416504
2653,100.54715
2655,103.64656
2657,105.55322
2659,93.05555
2662,99.46875
2663,108.14111
2664,100.57598
2665,102.304214
2670,110.30541
2671,107.61434
2672,106.28018
2675,102.416504
2677,100.51877
2679,98.574455
2683,103.64656
2684,103.19754
2685,105.130714
2688,113.29205
2689,89.86375
2690,109.33901
2693,109.71088
2694,110.46556
2697,100.80082
2699,99.53663
2703,101.87931
2705,108.383835
2709,92.447845
2710,98.99755
2711,102.01566
2712,108.122765
2713,100.75165
2714,98.10899
2715,96.09711
2717,98.92281
2718,94.115974
2720,108.47733
2721,101.15635
2726,96.475945
2728,98.60005
2731,103.902084
2732,94.85775
2734,100.50929
2736,99.23385
2737,100.10523
2738,104.93534
2739,98.78441
2746,101.47556
2749,102.304214
2751,118.301735
2752,108.07221
2753,102.16556
2757,103.40544
2758,99.996284
2759,108.28373
2760,117.24865
2762,109.33901
2764,98.82608
2765,103.76919
2769,91.60642
2771,100.01902
2774,103.19754
2776,100.25994
2777,103.81657
2778,105.62399
2779,103.34627
2782,105.3923
2784,101.1691
2787,97.49261
2789,95.11899
2792,99.93763
2798,95.75724
2799,97.15577
2800,99.13194
2801,96.77734
2802,104.204895
2804,98.52045
2807,104.63505
2808,100.75165
2809,106.44659
2811,114.03451
2812,104.37127
2814,98.92281
2816,102.89775
2817,94.63306
2818,97.37214
2820,102.93396
2821,95.48222
2822,99.631874
2823,110.602
2824,102.89775
2826,93.155136
2829,107.31959
2834,95.93878
2835,97.86553
2838,100.28067
2839,93.7661
2840,92.88836
2841,100.55744
2842,99.830444
2846,104.13892
2848,95.04782
2849,98.99755
2850,98.10899
2851,95.05782
2853,106.28018
2854,107.79633
2858,109.435745
2861,89.10792
2864,105.62399
2865,108.14111
2866,106.14698
2867,94.465195
2868,114.25463
2870,109.315445
2877,102.14545
2878,108.73906
2880,113.8533
2882,81.1393
2883,96.43188
2884,110.55237
2885,102.13514
2887,99.830444
2888,94.888336
2889,96.159164
2890,102.416504
2891,101.82671
2892,114.911
2893,102.403465
2898,91.60642
2899,98.50769
2900,92.961365
2901,98.92281
2909,90.79575
2910,108.8434
2911,102.63626
2913,96.97006
2914,94.36645
2918,104.85555
2919,106.84935
2920,99.46875
2921,108.73906
2922,101.81278
2923,98.64634
2925,105.347336
2926,94.465195
2927,107.79633
2929,108.8434
2933,97.59123
2934,110.65762
2936,100.15227
2941,100.54715
2942,98.383484
2943,109.520546
2945,109.33901
2950,99.53663
2951,105.70316
2953,108.116554
2954,104.17218
2955,108.592285
2956,98.60997
2960,98.19386
2962,97.62397
2963,101.90168
2964,104.2684
2966,80.69215
2967,98.731895
2968,98.50685
2969,104.20396
2971,100.297745
2972,92.818855
2974,96.29409
2975,98.50089
2977,118.301735
2980,113.73457
2981,105.25087
2983,99.342514
2984,96.65038
2985,116.35999
2986,101.357506
2987,92.818855
2989,105.3923
2990,104.90362
2991,106.61485
2992,87.34144
2995,102.21543
2996,101.552124
3002,102.4661
3004,107.40981
3005,115.5267
3006,99.46875
3010,99.96094
3011,102.304214
3014,94.465195
3015,101.30443
3016,96.62675
3017,87.14957
3018,95.97737
3021,103.91059
3024,102.91748
3028,99.96225
3030,110.93216
3032,102.89775
3039,96.86588
3040,109.24483
3041,93.6318
3043,110.46475
3044,112.022675
3046,99.94295
3055,94.379524
3056,95.175385
3058,98.99844
3059,108.592285
3061,114.911
3063,101.1378
3066,99.4797
3067,102.91748
3068,79.26451
3069,101.15635
3072,115.53916
3073,108.95629
3074,103.30774
3077,105.58407
3082,96.87111
3084,102.21543
3085,98.278786
3088,104.2684
3091,94.87407
3092,105.70316
3093,96.50095
3094,103.902084
3096,98.20719
3097,94.36651
3098,81.1393
3102,115.53916
3106,104.27959
3109,109.07088
3111,101.19306
3112,115.5267
3113,101.15635
3115,94.73854
3116,105.84034
3117,96.64418
3121,97.65429
3122,96.50322
3123,99.46875
3124,103.40544
3125,96.62675
3126,105.40565
3127,114.911
3129,97.23688
3130,114.73709
3132,101.47474
3134,98.67633
3135,94.36702
3137,94.318275
3138,98.88244
3140,107.88739
3144,110.46556
3145,101.43355
3146,103.64656
3147,99.32098
3148,108.60103
3149,108.301895
3150,107.663246
3151,109.07088
3152,97.60446
3155,103.70187
3156,98.10899
3159,98.731895
3161,96.385345
3162,108.116554
3163,90.21851
3165,104.004776
3172,94.63306
3173,103.18076
3176,103.91059
3177,93.55582
3179,98.50089
3183,96.50322
3186,99.46875
3187,104.004776
3189,95.564514
3190,100.50929
3192,114.911
3193,94.63306
3194,108.587395
3197,95.05782
3198,99.21412
3200,98.98512
3201,115.972946
3202,99.21412
3204,100.00588
3205,94.13218
3206,110.34086
3208,108.67783
3210,104.93534
3211,91.630646
3212,114.911
3213,101.26599
3214,98.20056
3216,104.2684
3219,102.756676
3220,116.21004
3221,101.15635
3226,105.48234
3227,106.66924
3228,98.50324
3229,90.643486
3232,78.46809
3233,104.20396
3234,97.78215
3236,100.942566
3238,107.79633
3239,97.345566
3240,98.307655
3247,109.33901
3249,93.41297
3252,103.4799
3253,99.93763
3254,103.66537
3255,97.49261
3256,102.4661
3257,95.83412
3262,105.85774
3263,104.2684
3264,98.60997
3266,104.38309
3267,102.14909
3269,96.070564
3272,116.35999
3274,95.05782
3275,98.768845
3277,104.17218
3279,99.56344
3280,108.86752
3283,94.33268
3285,100.00588
3287,97.35991
3288,102.91748
3290,96.65038
3291,97.59123
3298,106.32242
3299,100.37357
3302,99.97758
3303,96.214066
3304,100.35299
3307,98.32809
3309,91.97029
3314,79.26451
3316,107.92358
3317,98.39802
3319,100.446396
3320,106.23058
3321,104.81777
3322,106.284195
3324,98.63499
3326,110.0015
3329,99.94295
3330,94.36651
3331,106.23058
3335,114.911
3337,98.00498
3338,100.3686
3339,92.98155
3340,103.87262
3341,108.28914
3343,96.24138
3346,94.465195
3348,96.368576
3351,102.66618
3352,118.317245
3355,104.27959
3356,112.55709
3358,100.06644
3359,96.31669
3360,102.158936
3371,94.49822
3372,102.52701
3374,100.59058
3377,112.69322
3378,97.68542
3380,110.07257
3382,94.124565
3386,99.715096
3389,107.08128
3391,108.47733
3393,90.38336
3394,108.11642
3395,99.6839
3397,108.73906
3398,95.56313
3399,92.13702
3400,99.17178
3404,109.102005
3407,113.031456
3409,102.54098
3419,104.67316
3421,108.80024
3425,95.25346
3427,94.89816
3428,118.317245
3429,105.57831
3431,97.24304
3435,95.07775
3436,99.00187
3439,96.17653
3441,100.49335
3442,118.317245
3443,105.85774
3444,103.91059
3445,100.259056
3446,103.53587
3449,108.47802
3453,99.97338
3457,99.009094
3460,101.31526
3461,101.824745
3462,94.65267
3464,101.1378
3465,79.26451
3466,99.17178
3467,97.91641
3468,101.30443
3469,104.10151
3470,98.952545
3472,107.79633
3473,94.75797
3475,96.6767
3476,107.838684
3478,109.3685
3479,108.85119
3483,98.76011
3484,112.62286
3485,93.72965
3487,96.6767
3488,107.77845
3496,95.10336
3497,96.29296
3499,97.34633
3500,82.25926
3501,104.27959
3504,94.24917
3508,103.40544
3511,102.59541
3512,95.988174
3515,96.43909
3517,100.259056
3518,99.675255
3526,95.13403
3528,105.53642
3529,98.40453
3530,96.53157
3531,102.403465
3532,103.924576
3533,96.52524
3534,101.657326
3535,80.69215
3536,94.45926
3537,106.32242
3538,98.665924
3539,98.10899
3540,103.774445
3545,106.17958
3546,100.55562
3550,110.42806
3551,99.49648
3553,105.221176
3554,101.31526
3557,98.665924
3558,107.9337
3559,108.47802
3561,98.76011
3562,108.73906
3563,102.994194
3564,102.66618
3565,100.259056
3567,101.492485
3571,102.66618
3572,102.2376
3574,92.705765
3576,98.38616
3577,107.29599
3578,104.27959
3579,98.38616
3583,99.304634
3585,93.68719
3586,108.11642
3587,108.94013
3593,96.403656
3594,101.67619
3595,96.86588
3599,96.403656
3600,105.88975
3601,107.79633
3602,108.47802
3604,101.83599
3609,112.34521
3610,101.21114
3612,106.17958
3614,103.3505
3615,104.67475
3617,99.56344
3618,108.40468
3619,104.38309
3620,106.32242
3621,100.87455
3625,102.639656
3626,105.80698
3630,102.304214
3631,108.6527
3632,103.25886
3633,98.751976
3634,102.84127
3637,96.33534
3639,102.42297
3640,102.84127
3641,101.670074
3644,112.55709
3645,98.38616
3646,96.487274
3647,96.256
3648,108.73906
3653,116.31153
3654,94.73854
3655,101.079704
3659,105.40565
3660,98.00498
3662,99.45996
3666,96.407166
3668,100.96618
3671,94.63306
3673,96.88104
3674,101.80576
3675,99.62905
3681,108.02183
3682,113.35972
3686,98.20056
3687,97.49261
3692,101.21005
3695,103.021866
3696,112.3404
3699,110.63807
3705,107.44238
3707,79.99827
3708,104.27959
3709,113.35972
3710,97.89692
3712,102.41038
3715,116.31153
3716,98.38616
3720,106.43097
3722,79.99827
3726,100.522705
3728,96.65436
3729,104.93887
3731,104.93534
3735,104.85174
3736,98.70058
3739,104.004776
3741,113.031456
3743,110.390205
3744,100.0524
3745,108.08039
3746,107.6365
3751,101.01027
3753,99.675255
3760,94.76915
3761,101.01027
3762,103.58836
3763,96.88104
3765,95.65278
3768,109.95127
3769,103.73239
3770,97.943115
3773,107.50235
3774,97.344086
3776,99.709435
3778,96.780624
3779,98.03248
3780,104.23432
3781,108.02183
3782,107.244644
3783,107.79633
3784,95.29463
3786,99.389275
3789,95.56375
3790,95.15456
3793,108.31271
3795,110.321495
3797,103.704384
3798,117.307335
3800,99.82994
3804,97.344086
3810,98.97588
3815,107.3976
3816,97.344086
3818,102.304214
3824,107.79633
3828,105.41805
3830,108.45337
3831,100.91275
3832,81.224075
3834,107.3976
3835,92.338264
3836,96.05807
3838,100.00588
3839,114.2267
3840,105.81513
3845,95.89235
3846,96.24157
3847,99.575096
3849,80.69215
3853,104.063774
3855,103.90642
3856,100.00588
3864,94.82758
3865,98.26496
3866,108.31271
3867,108.02183
3868,99.82994
3869,96.9918
3871,94.1441
3875,95.612915
3876,93.53693
3878,101.59878
3879,110.0212
3881,99.82994
3883,97.904335
3884,130.40594
3886,109.2148
3890,99.407646
3893,101.04857
3897,100.434494
3901,94.82596
3902,103.38639
3913,96.760994
3914,98.94681
3916,94.037994
3917,107.95663
3924,93.38902
3925,93.51971
3928,92.20705
3929,104.13859
3932,95.700676
3933,101.54233
3934,100.3569
3935,105.53916
3936,97.914825
3937,93.81344
3938,100.33665
3939,97.48196
3943,95.62264
3944,109.18987
3945,109.29103
3946,102.46955
3947,107.11496
3948,98.37397
3949,109.18987
3950,94.993
3951,97.304436
3952,93.87177
3953,97.4291
3961,109.71009
3962,96.28046
3966,96.88399
3967,109.672386
3968,92.263504
3969,98.277725
3970,92.27103
3971,100.13162
3973,100.58709
3974,108.623085
3975,107.11496
3977,98.910576
3979,108.19493
3985,107.27518
3986,108.27419
3988,97.48196
3991,100.202484
3992,102.824104
3993,108.34788
3994,90.673325
3995,104.13859
4005,108.50056
4007,97.882
4008,108.06948
4009,94.408585
4010,95.77296
4011,92.44116
4012,99.27893
4013,93.38902
4015,93.1568
4016,98.2708
4018,96.651146
4025,97.914825
4026,99.89298
4028,99.66591
4029,95.50482
4031,91.58998
4032,107.95663
4033,99.28965
4034,107.84736
4037,99.90009
4038,101.54814
4039,95.45401
4041,94.55315
4042,97.127174
4043,100.97479
4044,101.54233
4045,95.970695
4046,107.01962
4047,99.98918
4048,97.976555
4049,97.86818
4051,97.65941
4052,111.149956
4058,102.830025
4062,110.57082
4064,110.18855
4067,97.882
4068,81.472176
4070,96.28046
4072,111.44645
4074,107.656334
4075,96.67308
4076,105.53216
4077,89.88195
4078,98.33193
4080,101.54233
4082,99.03903
4085,100.03086
4086,97.80535
4088,99.89298
4089,94.958855
4092,79.74242
4094,97.910034
4095,102.009705
4096,98.6218
4097,107.26475
4102,106.72742
4105,101.03045
4107,99.57547
4111,105.85638
4112,102.009705
4113,98.21379
4114,101.47783
4115,95.952934
4116,107.72903
4117,94.752106
4118,95.04385
4119,94.24027
4120,93.76785
4122,82.12068
4125,100.05542
4126,105.18576
4129,107.95663
4134,99.097244
4137,94.76335
4141,102.95515
4142,96.23738
4144,99.21371
4145,93.38902
4146,91.935036
4150,95.33709
4151,99.178276
4154,97.882
4156,95.5769
4157,102.24178
4159,98.2708
4160,95.89341
4161,101.13105
4168,99.74161
4171,108.27419
4172,95.437454
4173,95.50482
4175,99.412125
4176,101.54233
4177,99.21371
4178,103.82662
4179,110.81933
4181,106.782104
4183,95.50482
4184,109.011284
4185,95.38251
4186,105.9629
4188,106.23837
4190,108.47733
4192,93.555405
4193,97.19127
4194,109.18987
4195,104.4578
4196,81.34532
4202,95.50482
4203,106.06776
4208,99.122246
4209,108.94397
4210,97.910034
4211,100.73669
4212,115.25109
4214,103.74351
4215,95.874626
4216,95.97508
4217,95.48606
4219,99.122246
4222,93.81344
4224,94.29881
4231,103.74351
4232,95.50482
4234,97.910034
4236,99.21371
4237,101.54233
4240,104.052505
4242,98.08021
4243,98.21379
4247,100.05542
4248,98.277725
4249,109.130135
4254,103.33242
4263,98.12556
4265,107.39105
4267,100.392746
4268,104.13859
4271,94.90268
4272,94.6599
4273,111.73482
4274,99.23126
4276,100.30071
4278,100.90131
4280,93.00392
4281,111.73482
4283,109.905914
4284,98.726944
4285,107.06306
4286,109.399895
4287,108.27447
4288,112.38315
4289,92.93559
4290,97.55808
4293,94.76911
4296,111.07363
4297,93.66797
4299,106.95832
4303,97.85177
4310,93.90407
4312,104.0438
4318,101.54233
4320,91.468895
4322,108.58465
4323,105.55739
4325,107.656334
4326,109.29103
4328,107.7123
4330,106.00388
4332,104.13859
4333,107.13234
4335,97.10768
4336,104.83286
4338,92.06112
4341,98.735306
4342,98.493225
4344,101.54233
4347,102.76427
4348,101.54233
4351,109.341255
4352,99.65319
4353,97.41943
4355,103.33242
4356,98.5271
4359,101.93457
4360,102.71999
4361,95.86512
4364,96.626625
4365,102.824104
4368,93.2338
4372,99.23126
4374,99.08633
4376,95.88155
4377,108.56163
4380,100.16444
4383,105.568
4384,99.63355
4385,97.92687
4389,110.428
4391,94.798225
4392,106.650406
4393,94.43407
4395,95.7844
4396,111.149956
4398,109.85288
4399,103.30788
4401,99.23126
4406,103.17284
4408,104.0438
4412,101.54233
4415,94.39217
4418,111.485466
4419,99.08633
4420,79.38576
4422,109.18987
4423,99.08633
4425,100.25775
4428,93.76215
4431,96.17275
4434,106.502365
4436,98.232185
4437,110.57082
4439,115.93688
4440,102.239
4441,102.009705
4444,92.263504
4445,103.74351
4446,99.44346
4447,94.48995
4452,107.7123
4456,93.06105
4457,98.5271
4458,92.20794
4460,98.5271
4461,115.93688
4462,97.75649
4465,96.40022
4466,100.86461
4468,94.54791
4469,107.7123
4472,106.674164
4475,94.76911
4478,98.76876
4479,105.18576
4480,98.76133
4483,98.62422
4484,97.794914
4485,109.78554
4486,92.27103
4488,98.19192
4489,105.23118
4490,99.74161
4491,99.299995
4492,99.21371
4493,103.00758
4494,94.752106
4495,102.63319
4498,96.06294
4499,99.23126
4500,102.72737
4503,104.228
4505,96.40022
4506,100.74846
4507,92.28616
4508,101.54233
4510,109.29103
4511,93.76215
4513,92.27103
4516,84.45337
4519,95.88155
4521,103.978355
4531,98.28204
4532,80.375114
4533,101.483986
4534,105.171135
4536,101.54233
4537,98.5271
4539,98.62543
4542,102.72737
4545,97.92242
4549,93.7354
4551,97.74148
4554,106.355965
4556,93.7548
4559,107.39105
4561,105.23118
4562,98.2708
4566,98.98434
4569,96.44138
4570,111.149956
4573,98.03628
4574,96.40022
4575,98.90683
4577,100.50467
4578,93.81344
4580,95.10791
4582,108.0413
4583,109.18987
4585,99.47326
4587,101.54233
4595,95.48606
4596,94.14609
4601,101.704926
4602,110.43755
4603,99.23126
4605,105.75154
4606,99.806366
4607,109.151726
4608,99.95348
4610,92.20705
4613,108.06948
4617,100.73649
4618,93.81344
4619,93.555405
4620,98.37397
4622,94.76885
4625,98.5271
4626,101.54233
4627,100.16444
4629,96.9409
4631,100.16444
4633,101.54233
4634,95.75162
4635,100.21785
4639,97.64975
4640,110.89685
4642,104.41974
4644,95.810425
4646,101.54233
4647,90.85059
4648,76.57406
4649,96.44138
4650,109.3468
4655,93.7354
4660,97.43307
4661,108.93771
4662,97.22494
4663,105.23118
4665,102.239
4666,105.23118
4667,107.84736
4668,100.05542
4670,94.49916
4671,101.60908
4672,98.2292
4673,108.20523
4675,107.84736
4676,102.38378
4677,113.43847
4680,94.00823
4682,98.03628
4683,107.01962
4685,101.54233
4686,104.440765
4688,109.18987
4690,104.121895
4692,98.2708
4693,97.92242
4697,93.7354
4700,102.126236
4702,98.2708
4707,113.85519
4708,99.58397
4710,96.49668
4716,101.22089
4717,95.28315
4718,94.8145
4720,93.98445
4721,95.0054
4723,101.03595
4726,105.90424
4727,97.65941
4729,100.04058
4731,97.58517
4732,112.266205
4735,105.98651
4736,110.68654
4737,97.65941
4738,109.70978
4739,93.81344
4744,107.940186
4747,94.8145
4749,94.11544
4750,99.58397
4752,109.18987
4755,92.263504
4756,109.059685
4757,105.19815
4758,99.885315
4759,102.01823
4763,95.28315
4764,103.33293
4765,94.12362
4766,93.623505
4767,102.95324
4769,107.39105
4770,100.77321
4771,94.872
4772,105.01012
4774,109.18987
4776,106.7965
4777,110.08574
4778,106.33508
4780,97.14833
4784,96.75809
4786,93.2338
4787,78.43116
4788,92.54883
4789,109.18987
4791,102.824104
4792,94.97547
4795,99.735146
4796,100.807625
4803,95.130875
4805,94.76718
4807,99.27264
4809,99.78288
4816,99.27893
4817,98.557396
4818,94.742676
4820,97.06036
4821,102.16221
4823,105.90424
4824,102.02296
4825,107.29687
4829,97.15447
4830,100.764496
4831,108.82814
4833,98.493225
4836,101.03595
4837,109.18987
4838,99.49713
4840,105.922676
4841,78.58421
4842,95.62264
4843,93.969505
4844,101.55843
4849,107.70876
4851,94.51355
4852,95.72815
4858,102.40353
4860,100.764496
4863,104.13859
4864,99.55131
4865,105.23118
4867,97.25173
4868,95.952934
4869,104.13859
4873,100.17538
4875,108.66859
4876,101.13105
4877,95.50772
4878,93.81344
4880,78.43116
4886,110.08574
4888,107.940186
4889,98.34121
4890,106.840805
4893,101.36397
4895,106.766014
4896,101.93457
4899,97.910034
4901,102.52581
4902,105.11357
4903,89.88195
4904,109.18987
4910,101.67952
4912,94.79879
4915,98.2244
4916,105.58607
4917,112.52633
4920,105.01012
4927,106.7976
4928,98.10093
4931,107.51335
4934,94.39217
4936,95.72815
4939,106.58246
4942,104.54678
4943,100.764496
4944,102.01823
4945,94.76911
4947,93.81344
4948,96.19912
4951,99.76334
4952,109.18987
4953,103.335884
4956,89.88195
4957,108.53376
4958,103.169426
4960,99.49148
4968,99.65176
4969,108.500916
4971,108.96378
4973,111.149956
4975,111.33693
4976,99.62124
4978,99.48259
4979,105.07997
4982,96.75809
4983,101.82574
4984,93.2231
4985,113.85519
4986,92.20794
4987,110.76817
4988,92.88146
4994,100.57957
4995,97.40321
5002,95.68891
5004,95.35946
5005,93.40786
5006,99.21371
5007,102.824104
5009,98.726944
5011,111.149956
5014,107.09167
5015,105.58607
5018,97.650475
5019,101.00692
5020,94.29799
5021,100.05291
5022,100.807625
5023,107.39681
5025,100.764496
5032,105.97801
5034,100.33665
5036,90.986755
5038,97.75649
5039,95.0237
5046,95.555885
5049,101.00692
5051,97.65941
5052,96.029724
5053,109.18987
5054,100.764496
5055,98.32281
5057,99.58397
5059,96.21341
5062,92.72948
5063,106.53668
5065,103.27322
5069,100.807625
5071,92.38004
5074,102.70886
5075,96.029724
5076,97.33656
5077,78.43116
5079,108.34788
5080,91.58998
5081,111.149956
5083,110.64383
5088,102.96694
5089,94.39217
5093,99.44678
5094,93.43005
5095,94.39217
5099,112.525665
5101,106.709496
5103,101.93457
5104,94.893654
5105,100.05291
5107,93.7354
5108,102.315956
5109,93.66612
5111,102.619484
5112,93.81344
5113,96.887924
5114,97.93876
5115,95.89341
5118,99.48259
5122,99.89298
5123,81.73733
5125,101.73814
5127,102.16221
5128,103.291695
5129,116.14837
5132,99.21371
5134,97.21676
5135,99.27264
5137,109.805534
5142,98.60594
5143,107.735725
5144,94.6341
5148,98.436
5149,96.21886
5150,93.38902
5154,78.43116
5155,99.67373
5159,97.68529
5164,93.46995
5165,108.603294
5166,99.48259
5167,102.88536
5169,96.50202
5171,99.74161
5172,109.29103
5176,97.241554
5184,102.87628
5185,99.34222
5186,103.250946
5188,92.06112
5189,101.13105
5190,131.19049
5191,108.603294
5193,107.95663
5196,93.87116
5199,79.47874
5200,112.73385
5203,99.49713
5204,94.89366
5205,131.19049
5207,97.650314
5208,100.24966
5212,98.35363
5214,102.35812
5218,112.52633
5220,109.64273
5222,93.87116
5224,96.95996
5225,104.1386
5227,101.57818
5229,102.988205
5232,93.87116
5233,113.20695
5234,112.36316
5237,111.149956
5239,106.493385
5240,96.998856
5241,101.453804
5244,90.755806
5248,105.95168
5251,93.87116
5253,99.58397
5255,101.55843
5256,100.04058
5257,94.35256
5259,95.92656
5260,105.23118
5266,94.6599
5268,95.38741
5275,111.149956
5276,105.58607
5277,106.033104
5279,94.29799
5280,100.86025
5281,99.885315
5283,108.187546
5284,79.61212
5285,96.5317
5286,107.70876
5287,98.28068
5289,100.16444
5290,107.95663
5292,108.651695
5293,91.58998
5294,105.23118
5297,95.48606
5299,102.00301
5302,96.918465
5305,80.383095
5306,101.55843
5308,99.38666
5309,103.67012
5310,105.23118
5312,113.60536
5316,108.46588
5317,96.23738
5319,80.30969
5320,99.89298
5323,95.3425
5329,93.11294
5331,93.81344
5334,108.961945
5336,107.95663
5338,104.62931
5341,98.93953
5345,100.329666
5348,101.432816
5349,104.228
5355,106.44833
5356,97.00408
5360,107.70876
5362,100.73669
5364,98.2708
5366,103.718124
5367,108.25494
5368,95.182014
5370,112.54066
5371,78.43116
5373,109.341255
5375,111.149956
5376,99.49713
5378,98.2708
5379,112.221794
5383,102.35812
5384,98.24495
5389,98.277725
5391,77.66791
5393,104.804344
5395,106.840805
5397,104.81328
5398,97.287254
5399,105.18576
5401,116.31652
5402,94.54734
5403,105.18576
5404,95.382614
5407,81.34532
5408,94.19403
5413,102.1537
5414,95.9787
5417,98.32281
5418,108.651695
5420,108.500916
5421,95.884155
5424,93.2231
5425,94.89366
5426,108.13945
5429,108.992256
5431,100.973724
5437,103.33293
5440,93.87116
5444,104.867355
5446,105.58607
5447,95.31672
5451,99.95348
5452,109.29103
5455,112.36316
5456,95.48606
5458,95.24342
5459,96.030655
5460,98.31013
5462,100.16444
5463,99.57547
5464,100.807625
5465,94.48995
5466,92.38004
5467,106.88339
5468,110.81933
5469,105.23118
5472,99.107315
5474,96.21341
5475,99.49713
5476,96.5317
5479,102.988205
5480,111.149956
5482,106.782104
5485,100.16444
5486,116.122604
5488,82.77952
5495,102.988205
5496,112.221794
5497,94.0965
5499,94.14609
5503,94.26323
5504,97.650314
5507,99.89298
5509,101.703094
5511,95.89784
5512,106.16373
5516,111.56921
5517,92.14733
5518,95.5088
5521,95.675095
5522,103.04223
5527,89.76019
5528,100.57957
5529,102.00256
5532,110.75653
5533,123.64965
5535,104.591965
5536,106.94543
5540,95.02294
5547,104.27372
5548,99.735146
5550,80.66071
5551,100.08104
5554,108.9024
5555,95.38754
5559,94.22306
5560,99.120415
5561,102.75946
5562,100.368645
5563,109.58595
5565,94.86436
5566,94.78114
5567,109.45153
5568,99.66933
5572,96.41695
5574,100.973724
5576,110.940575
5579,98.277725
5580,92.34058
5581,97.03101
5583,96.769356
5584,110.08574
5586,102.75946
5587,106.49516
5589,102.72737
5591,103.33293
5592,98.97244
5593,108.84382
5594,91.71123
5595,96.34438
5596,109.60912
5597,98.26996
5598,112.8072
5599,93.43879
5602,113.860596
5603,91.71123
5605,97.364174
5607,97.910034
5608,95.12051
5609,93.52707
5610,95.952934
5612,99.477455
5613,102.00256
5614,94.71419
5616,100.52075
5621,97.9888
5623,111.17723
5628,115.714455
5629,92.35154
5631,103.9389
5633,95.96849
5638,93.63985
5639,101.03334
5640,103.337
5645,95.43039
5646,78.41889
5649,102.35258
5653,99.69085
5655,112.98211
5656,95.41282
5658,95.704926
5662,114.566154
5663,96.961685
5667,96.61141
5670,93.43879
5671,102.72737
5672,101.55843
5673,103.4795
5674,97.58423
5675,98.2419
5676,106.36557
5679,109.60912
5683,94.21774
5687,91.71123
5688,78.43116
5690,101.38882
5691,105.11357
5692,93.10908
5693,103.2056
5694,96.41695
5697,102.009705
5698,93.537155
5699,109.60912
5704,98.64623
5707,109.60912
5709,99.60497
5710,96.21886
5714,96.53737
5718,94.29799
5721,94.86875
5723,95.328255
5724,103.27322
5725,99.58397
5726,99.56201
5729,95.39987
5730,96.602646
5731,98.64623
5733,77.66791
5736,98.41572
5741,98.2419
5745,101.00692
5747,100.973724
5748,103.41608
5750,107.39105
5751,107.81694
5752,99.65224
5754,98.87552
5755,91.79179
5757,97.42121
5758,111.27975
5760,103.33293
5762,103.33293
5766,102.297386
5768,95.39987
5769,109.604774
5770,100.07473
5771,112.39984
5772,92.63277
5773,105.42851
5774,98.39785
5776,93.537155
5777,109.60912
5778,95.25212
5780,95.0237
5782,97.364174
5783,77.66791
5784,98.761154
5786,94.90742
5788,93.33118
5789,94.9086
5790,92.34494
5791,103.93207
5793,99.05744
5794,98.770546
5796,113.85519
5797,95.24076
5801,98.39785
5803,91.71123
5804,104.139305
5805,99.477455
5806,77.371315
5808,99.735146
5813,98.64623
5815,99.50839
5816,101.39209
5822,100.65587
5823,111.56921
5825,103.98907
5827,107.39105
5829,102.72737
5830,93.46843
5831,92.63277
5832,97.14833
5833,99.735146
5837,118.43981
5838,98.41572
5839,92.732635
5842,103.337
5844,102.75946
5845,95.61945
5846,99.764175
5848,78.58421
5850,106.868546
5851,95.0485
5853,95.39987
5854,104.28936
5858,103.337
5860,107.72903
5864,102.30054
5866,94.22306
5867,109.60912
5868,95.5594
5869,107.522545
5870,98.53092
5871,96.39521
5874,112.08249
5876,107.72903
5877,95.0485
5878,98.056786
5879,101.00692
5880,94.94801
5884,99.86081
5886,94.89366
5890,105.538605
5896,97.97406
5897,102.01823
5898,95.39987
5901,109.6988
5903,109.60912
5906,95.952934
5908,111.56921
5909,98.20551
5910,102.00256
5911,98.64623
5912,98.2708
5914,112.08249
5919,111.56921
5924,95.328255
5926,93.635284
5929,103.98907
5930,103.5725
5932,92.14733
5933,108.46588
5934,96.383224
5935,104.49816
5936,95.73068
5937,103.89399
5938,96.62817
5939,102.9061
5942,97.4291
5943,97.92261
5944,97.019714
5946,109.60912
5951,93.10908
5953,103.33242
5954,99.517746
5957,96.602646
5961,96.887924
5962,93.673805
5964,91.94023
5965,92.880455
5968,108.74736
5969,92.711845
5974,91.52883
5975,92.193275
5978,78.58421
5981,96.602646
5982,98.949265
5983,99.43275
5989,110.25796
5991,94.86875
5992,97.04846
5995,97.54548
5996,101.93457
5997,97.97641
5998,98.03996
5999,97.15679
6001,94.21774
6002,93.67837
6003,100.220314
6004,99.517746
6006,99.14231
6007,92.94845
6011,108.10212
6012,110.23299
6014,99.517746
6015,103.39584
6016,96.22
6017,110.08574
6018,95.39987
6024,97.301956
6025,103.39584
6026,101.13716
6028,107.29687
6029,83.045906
6030,93.89721
6036,108.74736
6040,98.271935
6041,106.39277
6042,102.02296
6044,96.50591
6045,103.93207
6047,103.04223
6048,93.86649
6049,96.21097
6051,113.02955
6052,96.8192
6053,93.537155
6054,103.85331
6058,100.433525
6059,95.24076
6062,95.39987
6063,113.85519
6064,94.36318
6065,98.271935
6067,97.12844
6068,108.15084
6070,103.33242
6071,115.969604
6072,94.89366
6080,94.89366
6081,93.2231
6084,93.673805
6087,91.79179
6089,85.05839
6092,94.89366
6094,98.271935
6095,109.60912
6097,108.97543
6100,109.08644
6104,108.27245
6105,97.76692
6106,97.36234
6107,87.84062
6108,95.9787
6109,94.89366
6110,94.26323
6114,94.89366
6116,98.58572
6117,95.77446
6118,93.01957
6123,77.66791
6125,109.60912
6128,97.19127
6130,102.50136
6132,96.7548
6137,77.66791
6139,108.46588
6140,95.50386
6141,108.97543
6142,108.34788
6144,108.94237
6145,96.61141
6146,100.429886
6149,90.86785
6156,100.94434
6159,99.99379
6160,95.50386
6162,107.940186
6164,95.87286
6165,93.26527
6168,77.66791
6169,101.02284
6170,93.48474
6171,100.96213
6172,96.19386
6173,102.89133
6176,95.39987
6177,96.78155
6178,93.22796
6180,98.306816
6181,101.804115
6182,107.02496
6185,98.87552
6186,103.38089
6188,109.49334
6189,98.84513
6192,93.673805
6193,92.89781
6194,103.93207
6195,99.01361
6196,114.320435
6197,97.364174
6201,105.34097
6202,91.52883
6203,94.047844
6204,97.76692
6207,115.56625
6209,98.056786
6210,108.81835
6211,106.39277
6213,102.40591
6216,98.628006
6217,93.79093
6219,98.271935
6222,81.61827
6223,104.924385
6235,95.39987
6240,99.06045
6242,93.537155
6247,102.35812
6251,110.47536
6254,106.82589
6255,95.0485
6260,103.39584
6261,99.517746
6262,96.69896
6264,103.85331
6269,112.15434
6271,99.19597
6275,93.37676
6276,94.4019
6278,110.18951
6279,101.00692
6281,97.573074
6284,95.211555
6286,99.431366
6287,78.41342
6288,96.262314
6292,90.85059
6293,98.271935
6295,92.78671
6298,99.14231
6300,94.6011
6304,101.804115
6308,99.14231
6310,93.01612
6312,94.89366
6320,100.47766
6324,92.42416
6325,100.96213
6330,95.62416
6336,100.92442
6340,96.76987
6341,95.39987
6342,99.50413
6344,99.61838
6345,108.51802
6347,101.02284
6348,96.76492
6349,99.14231
6351,78.43116
6353,105.084274
6354,98.87552
6357,99.517235
6358,100.1309
6360,102.63319
6363,110.12934
6364,93.537155
6368,103.27322
6370,93.44089
6371,96.78304
6377,134.05278
6379,99.151535
6381,97.45239
6382,77.371315
6383,98.298515
6388,103.85331
6390,104.49816
6392,103.598885
6393,93.0456
6395,96.61141
6398,92.66123
6401,77.371315
6402,104.68199
6403,100.35015
6405,93.621895
6406,96.61141
6407,109.60912
6409,103.04223
6411,92.984665
6413,95.43526
6416,102.96605
6417,104.63806
6418,96.61141
6419,114.566154
6420,95.87286
6426,102.94865
6429,99.973114
6430,93.25772
6431,100.35015
6432,97.00879
6434,96.887924
6437,108.74736
6438,93.00165
6439,98.031204
6440,92.89781
6441,95.819534
6442,94.89366
6443,94.193184
6445,99.38758
6448,111.56921
6450,94.21774
6453,98.03996
6455,99.59286
6457,90.38546
6458,97.06887
6461,96.41695
6464,107.10285
6467,94.893654
6469,89.76019
6470,81.101845
6471,89.38913
6473,99.96938
6474,97.45164
6479,96.41695
6481,95.418564
6484,105.46426
6495,99.601204
6496,90.08259
6505,96.53373
6506,94.96038
6508,95.39987
6509,97.17918
6510,103.125885
6512,96.660866
6513,98.32059
6514,107.848885
6515,97.6388
6519,92.93019
6521,94.26492
6523,80.66071
6525,103.458244
6526,94.75997
6528,91.43955
6529,95.47031
6531,111.34312
6533,93.673805
6534,97.92261
6535,109.60912
6536,92.880455
6537,113.74319
6540,101.54217
6541,98.298515
6547,112.88419
6548,95.77215
6551,103.85331
6553,96.14531
6555,93.673805
6556,95.39987
6561,77.66791
6564,99.55131
6565,109.60912
6568,100.973724
6569,94.89366
6573,81.815025
6574,96.41695
6577,104.734955
6579,111.739265
6581,92.711845
6582,100.35015
6585,92.00213
6586,92.04997
6589,88.375786
6590,77.9835
6593,96.80501
6594,110.08574
6595,94.4388
6599,93.2231
6600,94.547356
6601,97.17786
6602,93.537155
6603,111.56921
6604,93.46904
6607,107.940186
6608,106.56569
6609,97.99619
6611,93.2231
6613,94.89366
6614,90.0032
6616,97.45239
6617,94.89366
6618,100.03077
6619,99.814354
6621,93.673805
6627,102.24357
6629,101.93443
6631,78.58421
6634,96.961685
6636,98.32059
6638,100.973724
6639,94.89366
6641,111.56921
6642,90.15981
6651,99.779526
6654,90.73725
6657,95.71231
6663,100.76441
6665,98.40987
6666,98.88085
6668,98.32059
6669,93.673805
6670,94.627266
6671,97.82508
6673,92.89146
6675,98.03996
6676,77.371315
6677,94.66466
6679,97.83575
6680,108.46588
6681,103.125885
6685,103.125885
6688,93.6687
6689,94.4388
6690,101.61744
6692,94.89366
6693,91.565865
6694,99.31676
6698,113.36331
6699,98.271935
6700,101.367645
6701,90.38546
6702,106.43482
6704,94.4388
6707,99.55257
6712,111.56921
6713,98.06163
6715,104.5406
6721,93.38533
6722,98.271935
6723,100.775154
6724,90.90761
6725,114.566154
6731,100.775154
6735,98.08098
6736,104.5406
6737,119.78179
6738,98.53339
6739,96.83494
6741,89.9121
6743,91.58745
6745,98.32059
6747,103.30575
6749,95.70017
6750,107.940186
6751,110.7866
6752,102.90256
6753,94.89366
6755,100.96213
6756,95.34021
6757,104.69926
6759,103.85331
6761,96.13062
6763,89.38913
6764,107.68874
6765,94.390755
6766,104.734955
6768,96.77591
6771,94.4388
6773,99.66794
6774,98.88085
6778,104.78586
6779,92.98694
6781,93.72042
6784,97.14597
6786,95.952934
6787,92.914474
6790,138.27112
6793,107.24366
6795,94.89366
6798,108.40354
6806,91.65443
6807,92.80603
6810,100.611084
6815,101.94698
6816,99.65224
6817,98.14328
6818,94.309784
6819,103.04223
6820,99.97229
6822,97.032135
6823,112.55858
6824,102.33142
6825,93.8407
6828,83.780304
6829,106.056786
6831,92.89597
6832,95.15543
6833,108.53376
6834,89.38913
6836,94.505585
6837,111.56921
6838,93.537155
6840,95.963425
6843,91.91414
6845,93.537155
6846,98.87552
6847,108.53376
6851,109.20479
6852,110.42038
6853,94.90395
6858,104.442696
6861,107.62262
6863,97.17786
6864,87.60018
6865,95.06575
6866,111.56921
6867,90.083466
6868,81.00766
6869,92.193535
6870,102.33142
6874,101.94698
6875,95.5594
6877,97.2228
6878,99.13618
6880,96.78304
6883,100.28088
6884,97.76148
6886,93.537155
6890,92.97728
6893,98.06378
6894,94.26323
6899,97.2228
6900,93.8407
6904,105.260956
6905,112.221794
6906,94.968735
6910,99.05801
6912,96.03935
6913,98.8157
6920,95.731575
6922,102.756584
6923,94.89366
6926,99.38758
6927,98.84202
6928,93.720184
6931,113.148636
6933,97.45164
6936,98.94165
6937,111.56921
6939,91.56413
6941,91.58745
6942,102.79775
6943,94.94801
6944,98.65399
6945,95.05864
6946,95.47085
6947,113.85519
6949,102.55152
6951,101.946465
6953,100.70166
6954,91.52883
6955,103.83746
6963,105.170456
6964,93.80018
6966,101.10717
6968,97.76692
6970,101.804115
6972,109.788414
6976,108.86964
6978,111.56921
6981,97.24761
6985,107.940186
6986,96.24048
6987,101.658585
6989,99.454544
6991,112.55858
6993,102.07483
6994,98.99342
6995,97.2228
6996,97.68529
6997,108.74736
6998,91.15748
7001,105.170456
7003,109.355
7006,93.79226
7008,96.956406
7010,93.537155
7011,95.138985
7012,94.298004
7013,98.06163
7014,104.78586
7017,103.28994
7018,98.76748
7019,93.537155
7023,93.44789
7024,99.11341
7025,97.364174
7026,108.15084
7027,92.949585
7028,102.57883
7030,94.89366
7031,143.34666
7033,99.963196
7036,94.91657
7037,94.26323
7039,97.10887
7044,93.11032
7045,111.56921
7046,94.36152
7049,97.70476
7050,94.50802
7051,101.804115
7054,101.46138
7055,97.03101
7057,99.107315
7060,97.2228
7061,95.39987
7063,96.33466
7064,102.89133
7067,96.78304
7071,110.49369
7074,94.966515
7075,93.01957
7078,111.56921
7079,94.4388
7080,95.40462
7081,92.758804
7082,109.60912
7083,95.936325
7085,98.970795
7092,103.04223
7094,91.34048
7100,102.95324
7101,112.12761
7102,111.56921
7104,108.46588
7105,95.39987
7106,100.91312
7107,97.80092
7108,78.79895
7109,98.03996
7110,111.56921
7112,92.711845
7113,103.93207
7114,112.52633
7116,109.60912
7117,95.39987
7118,102.89133
7120,97.45239
7121,102.30054
7123,102.16221
7124,96.49542
7127,109.760506
7131,102.16221
7132,94.309784
7133,93.537155
7134,103.85331
7135,97.57092
7136,106.197174
7137,97.76692
7141,100.80081
7144,103.04223
7147,108.46588
7148,94.72732
7150,107.21893
7151,97.45239
7152,101.70674
7154,92.75392
7156,99.50839
7157,108.48873
7159,113.85519
7161,89.76019
7163,93.64347
7164,96.438446
7167,81.61827
7169,112.12761
7170,95.61316
7173,98.613556
7174,108.13155
7177,104.49816
7178,107.32233
7179,97.55635
7180,96.336334
7181,102.29461
7182,101.24562
7184,98.76748
7185,108.74736
7186,95.2355
7187,116.52338
7188,97.45239
7189,110.08574
7191,92.66123
7193,105.170456
7197,98.73647
7199,102.46955
7200,109.60912
7201,97.57092
7204,95.84033
7207,93.37676
7209,97.17786
7210,98.35226
7211,99.63871
7213,108.77032
7214,108.74736
7216,108.74736
7217,94.03871
7220,97.2228
7224,94.89366
7225,93.78116
7226,108.74736
7227,100.65145
7234,108.74736
7236,78.04605
7239,104.92032
7240,96.61141
7242,111.739265
7244,99.963196
7245,92.93286
7247,93.786156
7248,98.9554
7249,112.62097
7250,106.66582
7251,106.974815
7252,101.95785
7253,79.90042
7256,93.537155
7260,89.38913
7261,110.08574
7264,103.999825
7269,101.13716
7270,91.34992
7273,96.77591
7279,94.776886
7281,100.72268
7284,106.88771
7285,103.49683
7286,113.09194
7287,96.71133
7289,100.03077
7292,94.30232
7293,111.56921
7296,106.2351
7297,107.72903
7298,107.25835
7299,108.46588
7301,98.16245
7304,99.963196
7306,106.75609
7308,100.03077
7309,96.820465
7312,96.24048
7313,79.90042
7314,89.70722
7316,94.69105
7319,100.87281
7321,110.0172
7323,98.219025
7324,100.04376
7325,99.71386
7328,92.14078
7330,80.66367
7334,99.71386
7337,108.74736
7338,100.02457
7339,96.261604
7341,94.40157
7342,108.74736
7344,90.92357
7345,97.18616
7347,105.170456
7349,100.72268
7350,94.402794
7353,106.75157
7355,102.245544
7356,92.04017
7357,98.27359
7358,88.54522
7360,96.117485
7363,96.11049
7364,94.617226
7366,97.48245
7368,92.93286
7369,97.61689
7370,94.06249
7373,95.62279
7374,91.08245
7375,96.26373
7377,96.61141
7379,108.87154
7380,107.68874
7382,96.12761
7383,92.984665
7385,101.34625
7386,95.94512
7391,101.93394
7394,99.22485
7396,106.66582
7397,94.179825
7399,96.61141
7400,102.14303
7403,79.90042
7405,107.72903
7408,96.12761
7414,97.17786
7416,98.67429
7417,96.13012
7419,97.36237
7420,99.97229
7421,90.02255
7422,94.617226
7423,88.74025
7425,77.9835
7430,108.680885
7432,97.23509
7433,109.2469
7434,98.277725
7436,102.841415
7437,97.364174
7438,101.312996
7440,99.350716
7441,96.397415
7442,94.21774
7445,94.31719
7446,93.3463
7448,104.41495
7450,100.903885
7451,98.32059
7454,107.31807
7455,99.17148
7457,102.40191
7459,93.3463
7462,96.71133
7464,98.32059
7465,98.40987
7466,94.71169
7467,97.61689
7469,106.22291
7472,96.840935
7473,94.89366
7479,99.71386
7480,104.214485
7484,96.53373
7491,94.86875
7494,97.13163
7495,96.26373
7501,105.70527
7503,99.446106
7504,102.48705
7505,93.46904
7508,110.48681
7509,90.56247
7510,79.90042
7511,103.27322
7515,94.59642
7516,101.48606
7517,96.18256
7518,100.50938
7519,94.86875
7521,97.23509
7522,94.966515
7524,110.25802
7526,103.125885
7527,95.675095
7528,101.23733
7529,93.223015
7534,108.33191
7537,104.457954
7538,97.96001
7540,101.38131
7541,106.67086
7545,98.57992
7551,98.8157
7553,94.86875
7554,102.4315
7555,103.68195
7561,105.89529
7562,97.83575
7564,95.9787
7565,99.350716
7566,97.99619
7567,107.5543
7569,101.946465
7570,89.84616
7571,98.56278
7572,108.65452
7574,107.10285
7578,102.009705
7579,96.61141
7586,104.99787
7587,96.899055
7590,94.76148
7593,94.89366
7594,114.17184
7595,97.99619
7600,97.55199
7601,90.70758
7602,91.52883
7603,103.73428
7604,96.08258
7606,101.657326
7608,103.25089
7613,77.66791
7615,99.963196
7616,101.39886
7617,101.93443
7618,95.675095
7619,100.071434
7622,112.52633
7623,99.5603
7624,97.23509
7625,102.72945
7626,94.86875
7627,99.5603
7628,80.383095
7631,101.43003
7632,102.48705
7633,99.21132
7634,119.74107
7635,100.10399
7636,105.95442
7637,105.95442
7639,97.430954
7640,77.371315
7644,108.4937
7645,90.38546
7648,101.38131
7649,97.56433
7650,98.57992
7652,98.40987
7653,100.20457
7655,94.71169
7659,107.62262
7662,99.98918
7664,90.44408
7666,93.4205
7668,102.88936
7669,107.71764
7670,92.42416
7672,92.47478
7673,98.79458
7678,94.077354
7679,92.17821
7680,93.673805
7683,98.38255
7685,113.09194
7688,100.03077
7690,101.39886
7692,94.86875
7693,97.13354
7695,108.74736
7696,96.26373
7698,94.866196
7699,108.74736
7702,96.52443
7703,105.95442
7704,97.56433
7707,103.27322
7713,79.1244
7715,106.25966
7717,101.93443
7718,105.177765
7719,101.786415
7721,119.00422
7722,94.994606
7725,99.46212
7727,92.76614
7730,92.17821
7733,94.47296
7735,98.16245
7740,105.95442
7741,105.06845
7742,93.40383
7744,99.86014
7747,94.65449
7750,80.66071
7752,104.686104
7754,98.27359
7756,104.63736
7757,95.1823
7758,100.40314
7760,93.673805
7761,96.61141
7763,102.148506
7765,99.71386
7767,105.95442
7768,92.81035
7771,95.40676
7773,103.92841
7774,99.05062
7776,93.754745
7779,103.86188
7783,96.84627
7786,108.94237
7787,104.03715
7789,94.72685
7791,92.500305
7793,101.609566
7794,96.12761
7795,93.613815
7799,79.90042
7800,95.495735
7802,94.03126
7805,94.615425
7807,101.18786
7808,98.75871
7811,101.91269
7817,101.39886
7818,102.48705
7819,100.03077
7822,98.87552
7823,110.08574
7825,105.86655
7828,104.12513
7832,89.38913
7833,80.22528
7834,92.02361
7835,101.48815
7837,93.68122
7840,96.96812
7842,95.40676
7843,97.76067
7844,94.40157
7846,96.61141
7850,101.105804
7853,110.45378
7855,100.319466
7858,94.502235
7863,111.02197
7865,110.45378
7866,109.10284
7868,95.61316
7869,102.40191
7871,79.60383
7872,75.46321
7874,100.71604
7877,102.40191
7878,90.38546
7879,110.89469
7881,95.11252
7883,93.55656
7885,99.03203
7886,92.407104
7889,96.49542
7890,107.10671
7891,94.90742
7893,99.58679
7894,98.30774
7896,99.45091
7898,93.11345
7901,94.65449
7902,107.47573
7904,105.65839
7905,100.382324
7906,96.38271
7909,100.59756
7910,99.11341
7913,94.59642
7918,108.937515
7919,96.10341
7923,95.256584
7925,96.61141
7927,93.68122
7930,97.749725
7932,91.64334
7933,91.598045
7935,90.093605
7939,78.31602
7942,142.48056
7943,104.1512
7945,97.57642
7946,92.93286
7948,95.25882
7949,94.89366
7950,93.40383
7951,105.95442
7955,94.966515
7959,94.617226
7960,105.95442
7961,97.23342
7962,105.91055
7964,102.95231
7965,89.46463
7966,108.4937
7967,111.40528
7968,94.35564
7971,108.32141
7974,96.10341
7976,92.1627
7978,103.56338
7982,105.95442
7983,100.59756
7984,101.30955
7986,92.98694
7989,94.89366
7991,107.47573
7992,105.9267
7993,90.08259
7994,110.45378
7995,89.38913
7997,97.36237
7998,101.30955
7999,101.39886
8002,95.346596
8007,101.297424
8009,110.338646
8011,103.67012
8013,90.16662
8015,102.4034
8017,111.02197
8019,113.09194
8023,97.48245
8024,105.95442
8026,101.312996
8027,94.52144
8029,93.64347
8030,102.67113
8031,102.756584
8033,112.36085
8035,100.740776
8036,78.97649
8039,104.742386
8042,93.68122
8044,98.96118
8046,87.84062
8048,98.581825
8049,100.382324
8050,102.18604
8053,98.391685
8054,105.53174
8059,97.76692
8061,100.834335
8062,98.79458
8064,96.77591
8066,108.54983
8067,96.840935
8068,92.77468
8070,94.40702
8071,108.4937
8072,87.6214
8076,102.669235
8080,99.43011
8081,103.30575
8084,98.40083
8087,95.47031
8089,97.84601
8090,107.68874
8091,100.81884
8094,113.272354
8100,95.56655
8101,91.44216
8110,91.44924
8111,107.47573
8112,103.68195
8115,96.40467
8116,96.346565
8118,96.77591
8121,117.93674
8125,101.93443
8127,103.38394
8128,107.94307
8129,107.47573
8131,97.383766
8138,95.675095
8139,99.59687
8140,97.55199
8141,103.92841
8142,109.6988
8143,105.06845
8145,101.312996
8146,96.13012
8148,97.17786
8153,105.6673
8154,96.33466
8155,90.92357
8161,98.27185
8162,107.985985
8163,98.2246
8166,105.11357
8168,107.62262
8170,91.76293
8172,105.170456
8173,97.57092
8176,102.30054
8179,93.78809
8181,96.47257
8182,113.20695
8184,107.073654
8190,93.8593
8191,97.54548
8194,97.80535
8196,104.74097
8198,107.95559
8199,109.417274
8201,108.501144
8202,98.81219
8207,95.20833
8208,103.97313
8211,113.49313
8214,108.97393
8217,99.24964
8218,100.63801
8222,100.536064
8229,118.497116
8231,99.21474
8233,97.06631
8236,99.346375
8238,107.62228
8240,102.870056
8243,97.81154
8246,96.69203
8250,93.339745
8254,94.36702
8256,78.25601
8257,90.42925
8258,97.04767
8260,100.44481
8261,92.17976
8263,107.235466
8264,94.61957
8267,101.4302
8268,99.538605
8271,98.90849
8272,103.97313
8275,91.16319
8276,96.403305
8277,104.54613
8278,115.97831
8279,107.721085
8280,102.36737
8281,91.18471
8282,90.42925
8287,99.5672
8288,92.286125
8289,99.79411
8294,109.72163
8296,105.356415
8299,96.59054
8302,103.767426
8308,102.968765
8314,112.74947
8315,92.02418
8316,107.542404
8317,107.292915
8319,111.11885
8320,98.82608
8321,115.02573
8323,99.41282
8325,97.6231
8326,105.63093
8328,103.97313
8330,99.916
8331,110.538704
8332,103.23974
8334,94.61957
8338,92.38314
8339,93.83045
8341,109.72163
8345,107.620895
8346,101.83394
8347,109.37985
8349,98.56341
8351,108.08325
8352,105.31118
8353,103.97313
8355,104.729065
8358,102.15678
8359,97.92806
8360,99.66245
8361,98.53759
8363,107.21056
8364,98.84208
8365,96.43188
8366,101.9589
8370,91.91183
8372,100.64121
8376,95.094635
8377,95.50842
8379,103.64656
8380,97.033875
8381,112.11941
8386,97.68542
8388,104.51615
8389,94.698265
8391,107.640854
8394,94.36702
8396,107.21056
8398,87.15237
8400,106.85259
8401,110.94248
8404,109.72163
8407,99.109665
8408,98.609985
8409,103.22222
8410,110.50429
8411,99.29926
8413,105.78521
8414,109.23786
8416,99.97338
